Quantity,Value
k-effective,0.6685819313963082
Heating,47083923.11887709
Fission,0.2640373945844872
